{
  "projects": [
    {
      "id": 1,
      "name": "Anderson Group",
      "description": "Fully-configurable intermediate framework.",
      "imageUrl": "https://images.unsplash.com/photo-1511818966892-d7d671e672a2?w=500&h=300&fit=crop",
      "contractTypeId": 3,
      "contractSignedOn": "2013-08-04T22:39:41.473Z",
      "budget": 54,
      "isActive": false
    },
    {
      "id": 2,
      "name": "Bailey Inc",
      "description": "Centralized interactive application.",
      "imageUrl": "https://images.unsplash.com/photo-1486718448742-163732cd1544?w=500&h=300&fit=crop",
      "contractTypeId": 4,
      "contractSignedOn": "2012-08-06T21:21:31.419Z",
      "budget": 91638,
      "isActive": true
    },
    {
      "id": 3,
      "name": "Carter LLC",
      "description": "Re-contextualized dynamic moratorium.",
      "imageUrl": "https://images.unsplash.com/photo-1479839672679-a46483c0e7c8?w=500&h=300&fit=crop",
      "contractTypeId": 6,
      "contractSignedOn": "2016-06-26T18:24:01.706Z",
      "budget": 29729,
      "isActive": true
    },
    {
      "id": 4,
      "name": "Davis Corp",
      "description": "Innovative 6th generation model.",
      "imageUrl": "https://images.unsplash.com/photo-1480714378408-67cf0d13bc1b?w=500&h=300&fit=crop",
      "contractTypeId": 4,
      "contractSignedOn": "2013-05-26T01:10:42.344Z",
      "budget": 45660,
      "isActive": true
    },
    {
      "id": 5,
      "name": "Evans Solutions",
      "description": "Managed logistical migration.",
      "imageUrl": "https://images.unsplash.com/photo-1487958449943-2429e8be8625?w=500&h=300&fit=crop",
      "contractTypeId": 2,
      "contractSignedOn": "2009-12-18T21:46:47.944Z",
      "budget": 81188,
      "isActive": true
    },
    {
      "id": 6,
      "name": "Foster Enterprises",
      "description": "Profound mobile project.",
      "imageUrl": "https://images.unsplash.com/photo-1478860409698-8707f313ee8b?w=500&h=300&fit=crop",
      "contractTypeId": 3,
      "contractSignedOn": "2016-09-23T21:27:25.035Z",
      "budget": 53407,
      "isActive": false
    },
    {
      "id": 7,
      "name": "Garcia Industries",
      "description": "Vision-oriented composite approach.",
      "imageUrl": "https://images.unsplash.com/photo-1511818966892-d7d671e672a2?w=500&h=300&fit=crop",
      "contractTypeId": 1,
      "contractSignedOn": "2015-03-12T14:22:33.000Z",
      "budget": 67800,
      "isActive": true
    },
    {
      "id": 8,
      "name": "Harris Technologies",
      "description": "Multi-layered client-server framework.",
      "imageUrl": "https://images.unsplash.com/photo-1486718448742-163732cd1544?w=500&h=300&fit=crop",
      "contractTypeId": 5,
      "contractSignedOn": "2014-11-08T09:15:22.000Z",
      "budget": 42300,
      "isActive": true
    },
    {
      "id": 9,
      "name": "Ingram Systems",
      "description": "Business-focused real-time initiative.",
      "imageUrl": "https://images.unsplash.com/photo-1479839672679-a46483c0e7c8?w=500&h=300&fit=crop",
      "contractTypeId": 2,
      "contractSignedOn": "2017-01-20T11:45:00.000Z",
      "budget": 95000,
      "isActive": false
    },
    {
      "id": 10,
      "name": "Johnson Partners",
      "description": "Adaptive zero-defect projection.",
      "imageUrl": "https://images.unsplash.com/photo-1480714378408-67cf0d13bc1b?w=500&h=300&fit=crop",
      "contractTypeId": 3,
      "contractSignedOn": "2018-05-15T16:30:00.000Z",
      "budget": 58900,
      "isActive": true
    },
    {
      "id": 11,
      "name": "Klein Associates",
      "description": "Versatile hybrid capability.",
      "imageUrl": "https://images.unsplash.com/photo-1487958449943-2429e8be8625?w=500&h=300&fit=crop",
      "contractTypeId": 4,
      "contractSignedOn": "2019-02-28T08:00:00.000Z",
      "budget": 73500,
      "isActive": true
    },
    {
      "id": 12,
      "name": "Lopez Consulting",
      "description": "Switchable demand-driven interface.",
      "imageUrl": "https://images.unsplash.com/photo-1478860409698-8707f313ee8b?w=500&h=300&fit=crop",
      "contractTypeId": 6,
      "contractSignedOn": "2020-07-10T13:20:00.000Z",
      "budget": 41200,
      "isActive": true
    },
    {
      "id": 13,
      "name": "Martinez Holdings",
      "description": "Integrated modular architecture.",
      "imageUrl": "https://images.unsplash.com/photo-1511818966892-d7d671e672a2?w=500&h=300&fit=crop",
      "contractTypeId": 1,
      "contractSignedOn": "2016-09-05T10:10:00.000Z",
      "budget": 88700,
      "isActive": false
    },
    {
      "id": 14,
      "name": "Nelson Group",
      "description": "Organized tertiary knowledge base.",
      "imageUrl": "https://images.unsplash.com/photo-1486718448742-163732cd1544?w=500&h=300&fit=crop",
      "contractTypeId": 2,
      "contractSignedOn": "2021-03-22T14:55:00.000Z",
      "budget": 63400,
      "isActive": true
    },
    {
      "id": 15,
      "name": "Oliver Industries",
      "description": "Automated grid-enabled framework.",
      "imageUrl": "https://images.unsplash.com/photo-1479839672679-a46483c0e7c8?w=500&h=300&fit=crop",
      "contractTypeId": 3,
      "contractSignedOn": "2015-12-18T12:40:00.000Z",
      "budget": 51800,
      "isActive": true
    },
    {
      "id": 16,
      "name": "Parker Solutions",
      "description": "Synchronised attitude-oriented solution.",
      "imageUrl": "https://images.unsplash.com/photo-1480714378408-67cf0d13bc1b?w=500&h=300&fit=crop",
      "contractTypeId": 4,
      "contractSignedOn": "2017-06-30T09:25:00.000Z",
      "budget": 79200,
      "isActive": true
    },
    {
      "id": 17,
      "name": "Quinn Enterprises",
      "description": "Mandatory fresh-thinking toolset.",
      "imageUrl": "https://images.unsplash.com/photo-1487958449943-2429e8be8625?w=500&h=300&fit=crop",
      "contractTypeId": 5,
      "contractSignedOn": "2019-11-11T15:00:00.000Z",
      "budget": 46900,
      "isActive": false
    },
    {
      "id": 18,
      "name": "Robinson Corp",
      "description": "Progressive logistical function.",
      "imageUrl": "https://images.unsplash.com/photo-1478860409698-8707f313ee8b?w=500&h=300&fit=crop",
      "contractTypeId": 6,
      "contractSignedOn": "2020-04-05T11:15:00.000Z",
      "budget": 92300,
      "isActive": true
    },
    {
      "id": 19,
      "name": "Smith Technologies",
      "description": "Triple-buffered asymmetric protocol.",
      "imageUrl": "https://images.unsplash.com/photo-1511818966892-d7d671e672a2?w=500&h=300&fit=crop",
      "contractTypeId": 1,
      "contractSignedOn": "2018-08-20T13:45:00.000Z",
      "budget": 56700,
      "isActive": true
    },
    {
      "id": 20,
      "name": "Taylor Associates",
      "description": "Realigned executive leverage.",
      "imageUrl": "https://images.unsplash.com/photo-1486718448742-163732cd1544?w=500&h=300&fit=crop",
      "contractTypeId": 2,
      "contractSignedOn": "2021-01-15T10:30:00.000Z",
      "budget": 84500,
      "isActive": true
    },
    {
      "id": 21,
      "name": "Underwood Partners",
      "description": "Expanded bandwidth-monitored alliance.",
      "imageUrl": "https://images.unsplash.com/photo-1479839672679-a46483c0e7c8?w=500&h=300&fit=crop",
      "contractTypeId": 3,
      "contractSignedOn": "2016-05-25T14:20:00.000Z",
      "budget": 39800,
      "isActive": false
    },
    {
      "id": 22,
      "name": "Valdez Systems",
      "description": "Decentralized transitional methodology.",
      "imageUrl": "https://images.unsplash.com/photo-1480714378408-67cf0d13bc1b?w=500&h=300&fit=crop",
      "contractTypeId": 4,
      "contractSignedOn": "2019-09-10T08:50:00.000Z",
      "budget": 71200,
      "isActive": true
    },
    {
      "id": 23,
      "name": "Watson Holdings",
      "description": "Profit-focused static strategy.",
      "imageUrl": "https://images.unsplash.com/photo-1487958449943-2429e8be8625?w=500&h=300&fit=crop",
      "contractTypeId": 5,
      "contractSignedOn": "2020-12-02T16:10:00.000Z",
      "budget": 48600,
      "isActive": true
    },
    {
      "id": 24,
      "name": "Xavier Group",
      "description": "User-friendly object-oriented circuit.",
      "imageUrl": "https://images.unsplash.com/photo-1478860409698-8707f313ee8b?w=500&h=300&fit=crop",
      "contractTypeId": 6,
      "contractSignedOn": "2017-03-08T11:35:00.000Z",
      "budget": 97400,
      "isActive": true
    },
    {
      "id": 25,
      "name": "Young Industries",
      "description": "Configurable scalable encryption.",
      "imageUrl": "https://images.unsplash.com/photo-1511818966892-d7d671e672a2?w=500&h=300&fit=crop",
      "contractTypeId": 1,
      "contractSignedOn": "2018-10-22T09:05:00.000Z",
      "budget": 62100,
      "isActive": false
    },
    {
      "id": 26,
      "name": "Zimmerman Solutions",
      "description": "Devolved disintermediate orchestration.",
      "imageUrl": "https://images.unsplash.com/photo-1486718448742-163732cd1544?w=500&h=300&fit=crop",
      "contractTypeId": 2,
      "contractSignedOn": "2021-06-17T14:45:00.000Z",
      "budget": 53900,
      "isActive": true
    },
    {
      "id": 27,
      "name": "Adams Enterprises",
      "description": "Grass-roots radical array.",
      "imageUrl": "https://images.unsplash.com/photo-1479839672679-a46483c0e7c8?w=500&h=300&fit=crop",
      "contractTypeId": 3,
      "contractSignedOn": "2015-11-30T12:25:00.000Z",
      "budget": 7680,
      "isActive": true
    },
    {
      "id": 28,
      "name": "Brooks Corp",
      "description": "Enhanced systemic data-warehouse.",
      "imageUrl": "https://images.unsplash.com/photo-1480714378408-67cf0d13bc1b?w=500&h=300&fit=crop",
      "contractTypeId": 4,
      "contractSignedOn": "2019-04-14T10:55:00.000Z",
      "budget": 44500,
      "isActive": true
    },
    {
      "id": 29,
      "name": "Collins Technologies",
      "description": "Cloned leading-edge hierarchy.",
      "imageUrl": "https://images.unsplash.com/photo-1487958449943-2429e8be8625?w=500&h=300&fit=crop",
      "contractTypeId": 5,
      "contractSignedOn": "2020-08-28T15:30:00.000Z",
      "budget": 89300,
      "isActive": false
    },
    {
      "id": 30,
      "name": "Dixon Associates",
      "description": "Multi-channeled impactful success.",
      "imageUrl": "https://images.unsplash.com/photo-1478860409698-8707f313ee8b?w=500&h=300&fit=crop",
      "contractTypeId": 6,
      "contractSignedOn": "2017-12-05T13:00:00.000Z",
      "budget": 58200,
      "isActive": true
    },
    {
      "id": 31,
      "name": "Edwards Partners",
      "description": "Ameliorated neutral project.",
      "imageUrl": "https://images.unsplash.com/photo-1511818966892-d7d671e672a2?w=500&h=300&fit=crop",
      "contractTypeId": 1,
      "contractSignedOn": "2016-07-19T11:40:00.000Z",
      "budget": 72600,
      "isActive": true
    },
    {
      "id": 32,
      "name": "Fisher Holdings",
      "description": "Focused dynamic intranet.",
      "imageUrl": "https://images.unsplash.com/photo-1486718448742-163732cd1544?w=500&h=300&fit=crop",
      "contractTypeId": 2,
      "contractSignedOn": "2021-02-11T09:20:00.000Z",
      "budget": 41700,
      "isActive": true
    },
    {
      "id": 33,
      "name": "Green Systems",
      "description": "Horizontal well-modulated hub.",
      "imageUrl": "https://images.unsplash.com/photo-1479839672679-a46483c0e7c8?w=500&h=300&fit=crop",
      "contractTypeId": 3,
      "contractSignedOn": "2018-05-27T14:10:00.000Z",
      "budget": 95800,
      "isActive": false
    },
    {
      "id": 34,
      "name": "Hughes Group",
      "description": "Vision-oriented tertiary function.",
      "imageUrl": "https://images.unsplash.com/photo-1480714378408-67cf0d13bc1b?w=500&h=300&fit=crop",
      "contractTypeId": 4,
      "contractSignedOn": "2019-10-03T12:50:00.000Z",
      "budget": 64900,
      "isActive": true
    },
    {
      "id": 35,
      "name": "Irwin Industries",
      "description": "Networked reciprocal website.",
      "imageUrl": "https://images.unsplash.com/photo-1487958449943-2429e8be8625?w=500&h=300&fit=crop",
      "contractTypeId": 5,
      "contractSignedOn": "2020-03-18T10:15:00.000Z",
      "budget": 52400,
      "isActive": true
    },
    {
      "id": 36,
      "name": "Jenkins Solutions",
      "description": "Programmable context-sensitive algorithm.",
      "imageUrl": "https://images.unsplash.com/photo-1478860409698-8707f313ee8b?w=500&h=300&fit=crop",
      "contractTypeId": 6,
      "contractSignedOn": "2017-08-09T15:45:00.000Z",
      "budget": 78100,
      "isActive": true
    },
    {
      "id": 37,
      "name": "King Enterprises",
      "description": "Re-engineered needs-based complexity.",
      "imageUrl": "https://images.unsplash.com/photo-1511818966892-d7d671e672a2?w=500&h=300&fit=crop",
      "contractTypeId": 1,
      "contractSignedOn": "2016-01-24T13:30:00.000Z",
      "budget": 47200,
      "isActive": false
    },
    {
      "id": 38,
      "name": "Lee Corp",
      "description": "Persistent responsive leverage.",
      "imageUrl": "https://images.unsplash.com/photo-1486718448742-163732cd1544?w=500&h=300&fit=crop",
      "contractTypeId": 2,
      "contractSignedOn": "2019-06-12T11:05:00.000Z",
      "budget": 91500,
      "isActive": true
    },
    {
      "id": 39,
      "name": "Morgan Technologies",
      "description": "Function-based cohesive contingency.",
      "imageUrl": "https://images.unsplash.com/photo-1479839672679-a46483c0e7c8?w=500&h=300&fit=crop",
      "contractTypeId": 3,
      "contractSignedOn": "2020-11-08T14:25:00.000Z",
      "budget": 56800,
      "isActive": true
    },
    {
      "id": 40,
      "name": "Nelson Associates",
      "description": "Optimized full-range capacity.",
      "imageUrl": "https://images.unsplash.com/photo-1480714378408-67cf0d13bc1b?w=500&h=300&fit=crop",
      "contractTypeId": 4,
      "contractSignedOn": "2018-02-15T09:50:00.000Z",
      "budget": 83400,
      "isActive": true
    },
    {
      "id": 41,
      "name": "Owens Partners",
      "description": "Advanced upward-trending neural-net.",
      "imageUrl": "https://images.unsplash.com/photo-1487958449943-2429e8be8625?w=500&h=300&fit=crop",
      "contractTypeId": 5,
      "contractSignedOn": "2021-04-30T16:00:00.000Z",
      "budget": 39500,
      "isActive": false
    }
  ]
}